{
  "train_loss": [
    1.48455904006958,
    1.483300428390503,
    1.4855205488204957,
    1.4815078687667846,
    1.4783855485916138,
    1.4770955276489257,
    1.4786961555480957,
    1.4751214408874511,
    1.4681541919708252,
    1.4586382055282592,
    1.4719606733322144,
    1.4640464353561402,
    1.4566795492172242,
    1.4537021207809449,
    1.453850631713867,
    1.454184947013855,
    1.450986886024475,
    1.4463520288467406,
    1.4311134004592896,
    1.436915774345398,
    1.4308192825317383,
    1.4361762142181396,
    1.4283573818206787,
    1.3946936416625977,
    1.3713413524627684,
    1.3716811847686767,
    1.359246563911438,
    1.3516933298110962,
    1.3465794658660888,
    1.3418423891067506,
    1.3353425860404968,
    1.31697678565979,
    1.3237869787216185,
    1.3066104364395141,
    1.2943423414230346,
    1.284917058944702,
    1.285283887386322,
    1.2715791463851929,
    1.2542411994934082,
    1.2508465147018433,
    1.2368289828300476,
    1.2261672663688659,
    1.225347764492035,
    1.2235162019729615,
    1.2132827258110046,
    1.2107920455932617,
    1.209397087097168,
    1.2085310959815978,
    1.207739233970642,
    1.2073975253105163
  ],
  "val_loss": [
    1.4755169366087233,
    1.4788625208394868,
    1.480190451656069,
    1.4783337541988917,
    1.4708587931735175,
    1.4769335761666298,
    1.4640083658908094,
    1.4499995021947794,
    1.4305234322590488,
    1.4726816724453653,
    1.4711874233824866,
    1.4226039270205157,
    1.436711018106767,
    1.4468461871147156,
    1.4486992901989393,
    1.4367519994931561,
    1.4355681229914938,
    1.4413266038256032,
    1.4354005211165972,
    1.45478812285832,
    1.4434736429580621,
    1.4373362266591616,
    1.4342840218118258,
    1.4642152275357927,
    1.5064187164285354,
    1.4809021460158485,
    1.5021790151617356,
    1.4819002151489258,
    1.4933557936123438,
    1.5071160702833108,
    1.485444528449859,
    1.4962924623063631,
    1.471118516953928,
    1.5115539953112602,
    1.4741416022713696,
    1.4818752743303776,
    1.512905525575791,
    1.4921098282294614,
    1.4748528825917415,
    1.5152829253513898,
    1.4804735642724804,
    1.4738075193017721,
    1.4822575828459645,
    1.477734774218074,
    1.4827467831117767,
    1.4866142280266754,
    1.488495975400188,
    1.4860365882382862,
    1.4863687087781727,
    1.4864791366936905
  ],
  "train_accuracy": [
    0.2525,
    0.28,
    0.3,
    0.27,
    0.2375,
    0.285,
    0.2925,
    0.2775,
    0.3125,
    0.355,
    0.305,
    0.385,
    0.37,
    0.3775,
    0.3625,
    0.3725,
    0.37,
    0.375,
    0.38,
    0.3725,
    0.3875,
    0.35,
    0.3725,
    0.3825,
    0.3925,
    0.39,
    0.395,
    0.3975,
    0.425,
    0.425,
    0.42,
    0.41,
    0.4025,
    0.42,
    0.4275,
    0.4225,
    0.4375,
    0.445,
    0.4375,
    0.445,
    0.46,
    0.475,
    0.4675,
    0.4725,
    0.4675,
    0.47,
    0.485,
    0.48,
    0.48,
    0.48
  ],
  "val_accuracy": [
    0.25,
    0.30357142857142855,
    0.3392857142857143,
    0.29464285714285715,
    0.2767857142857143,
    0.25892857142857145,
    0.25,
    0.2857142857142857,
    0.33035714285714285,
    0.3482142857142857,
    0.35714285714285715,
    0.3125,
    0.35714285714285715,
    0.32142857142857145,
    0.3392857142857143,
    0.3392857142857143,
    0.3482142857142857,
    0.3482142857142857,
    0.32142857142857145,
    0.38392857142857145,
    0.3482142857142857,
    0.3482142857142857,
    0.36607142857142855,
    0.3392857142857143,
    0.41964285714285715,
    0.39285714285714285,
    0.375,
    0.3392857142857143,
    0.4107142857142857,
    0.36607142857142855,
    0.38392857142857145,
    0.36607142857142855,
    0.36607142857142855,
    0.35714285714285715,
    0.375,
    0.36607142857142855,
    0.3482142857142857,
    0.35714285714285715,
    0.375,
    0.36607142857142855,
    0.375,
    0.39285714285714285,
    0.38392857142857145,
    0.3392857142857143,
    0.3392857142857143,
    0.375,
    0.375,
    0.375,
    0.3392857142857143,
    0.33035714285714285
  ]
}