{
  "train_loss": [
    53.83669845581055,
    43.581421813964845,
    30.683667907714845,
    19.172160720825197,
    13.101406555175782,
    11.266927719116211,
    9.041082458496094,
    9.132227478027344,
    8.407500076293946,
    7.4973030853271485,
    7.001286029815674,
    6.989334373474121,
    7.0674225616455075,
    6.548140354156494,
    6.797871417999268,
    6.1275577735900875,
    6.358859481811524,
    6.544695453643799,
    6.592302188873291,
    6.291332950592041,
    6.35324556350708,
    6.701538238525391,
    6.016207695007324,
    5.7641260528564455,
    5.730920152664185,
    5.539386901855469,
    5.46565878868103,
    5.452086772918701,
    5.1648287582397465,
    5.247838506698608,
    4.9598153209686275,
    4.885165014266968,
    4.740198097229004,
    4.956882724761963,
    4.6048143768310545,
    4.678419942855835,
    4.777172622680664,
    4.798766059875488,
    4.570259923934937,
    4.509777975082398,
    4.449027786254883,
    4.311283674240112,
    4.4508107566833495,
    4.36351056098938,
    4.553236494064331,
    4.41653115272522,
    4.266091537475586,
    4.126809616088867,
    4.291447496414184,
    4.361829204559326
  ],
  "val_loss": [
    46.39482171194894,
    33.864034925188335,
    20.20183413369315,
    13.052556037902832,
    8.616736275809151,
    8.9933214868818,
    6.779109546116421,
    7.812713078090122,
    5.817545175552368,
    4.7519614696502686,
    5.488090889794486,
    6.070032324109759,
    6.0036885397774835,
    7.579679216657366,
    4.3742896148136685,
    4.333538378987994,
    4.06552529335022,
    5.18655184337071,
    4.531128542763846,
    5.748720032828195,
    5.1562744208744595,
    4.102788261004856,
    5.418373176029751,
    3.540318557194301,
    4.399421964372907,
    3.373307704925537,
    3.772735561643328,
    3.8094762904303416,
    2.963897500719343,
    3.4483622142246793,
    3.1271119798932756,
    2.942537154470171,
    3.2399748393467496,
    3.6983397688184465,
    2.6758356434958324,
    2.8729744127818515,
    3.7417523179735457,
    3.4344338348933627,
    3.919867958341326,
    3.333035639354161,
    2.816142405782427,
    2.5546290363584245,
    2.6340548821858,
    2.6487032685961043,
    2.6200964791434154,
    2.571302958897182,
    2.5407937254224504,
    2.5400911228997365,
    2.5457097632544383,
    2.5493176324026927
  ],
  "train_error": [
    53.503204803466794,
    43.30184036254883,
    30.23524139404297,
    18.62949981689453,
    12.677379550933837,
    10.857305488586427,
    8.676895027160645,
    8.731276645660401,
    8.011322631835938,
    7.129799947738648,
    6.617309036254883,
    6.58573655128479,
    6.684652519226074,
    6.215041847229004,
    6.511492958068848,
    5.840964756011963,
    6.05013370513916,
    6.268864727020263,
    6.306700954437256,
    6.001108341217041,
    6.027360630035401,
    6.372678337097168,
    5.700542736053467,
    5.522531509399414,
    5.5052460765838624,
    5.31325662612915,
    5.239698295593262,
    5.219569358825684,
    4.934922494888306,
    5.017842941284179,
    4.738418292999268,
    4.677932949066162,
    4.529901437759399,
    4.74828953742981,
    4.388770551681518,
    4.4751695537567135,
    4.568420619964599,
    4.592606048583985,
    4.374284925460816,
    4.320545177459717,
    4.256109867095947,
    4.122689161300659,
    4.26917797088623,
    4.190444536209107,
    4.373574542999267,
    4.244325647354126,
    4.080493545532226,
    3.9554056549072265,
    4.1160462284088135,
    4.179558515548706
  ],
  "val_error": [
    46.29537909371512,
    33.68730272565569,
    19.537051064627512,
    12.670301028660365,
    8.307562964303154,
    8.679479803357806,
    6.5272055353437155,
    7.568786893572126,
    5.561450379235404,
    4.4684626034327914,
    5.258381809507098,
    5.829138892037528,
    5.73165191922869,
    7.3937466485159735,
    4.221703393118722,
    4.174906883920942,
    3.862341438020979,
    5.064755133220127,
    4.313146420887539,
    5.552505561283657,
    4.977683816637311,
    3.892428295952933,
    5.2336103575570245,
    3.421143191201346,
    4.261109624590192,
    3.2252717529024397,
    3.634999922343663,
    3.688218797956194,
    2.821014012609209,
    3.31777446610587,
    3.0076729229518344,
    2.8242188351494923,
    3.1173095703125,
    3.5934676783425465,
    2.538083927971976,
    2.749762977872576,
    3.6230954442705428,
    3.3264893123081754,
    3.8138599395751953,
    3.2305179834365845,
    2.6992271287100658,
    2.4375750848225186,
    2.52642890385219,
    2.5452537706920078,
    2.5159215416227068,
    2.460035579545157,
    2.418332576751709,
    2.4142962864467075,
    2.446164063044957,
    2.449860794203622
  ],
  "accuracy": [
    0.05,
    0.09,
    0.28,
    0.35,
    0.53,
    0.485,
    0.485,
    0.375,
    0.585,
    0.67,
    0.555,
    0.52,
    0.545,
    0.445,
    0.69,
    0.745,
    0.76,
    0.635,
    0.665,
    0.68,
    0.64,
    0.7,
    0.56,
    0.775,
    0.69,
    0.825,
    0.72,
    0.735,
    0.835,
    0.795,
    0.815,
    0.865,
    0.81,
    0.79,
    0.89,
    0.88,
    0.71,
    0.785,
    0.745,
    0.825,
    0.835,
    0.89,
    0.875,
    0.885,
    0.875,
    0.88,
    0.885,
    0.89,
    0.875,
    0.875
  ]
}