{
  "train_loss": [
    1.476874930381775,
    1.4546466517448424,
    1.436487512588501,
    1.401731008052826,
    1.3589397778511048,
    1.2725660037994384,
    1.2222003996372224,
    1.1535639863014222,
    0.9417276276350022,
    0.6171600914597511,
    0.5784125433564186,
    0.5266984457671642,
    0.5099128779172898,
    0.47076304763555527,
    0.4368056625425816,
    0.4249730521738529,
    0.39580442643165586,
    0.3800291147530079,
    0.36530689685046674,
    0.35687106916308403,
    0.34011591617763043,
    0.32372463843226434,
    0.3169288230985403,
    0.29172869787365197,
    0.299540396861732,
    0.28376416603475807,
    0.27414058019220827,
    0.2700490306466818,
    0.26507705345749855,
    0.26066721365973355
  ],
  "val_loss": [
    1.4642223110274664,
    1.449131734610077,
    1.4472878020855464,
    1.4212108165143975,
    1.3225952595285702,
    1.2338678764843058,
    1.2541716451767269,
    1.1473882095754286,
    0.8385194219567722,
    0.6023287821382868,
    0.5696005595408724,
    0.573167535795241,
    0.5024045452190962,
    0.498370332472139,
    0.496050500137803,
    0.4891526079781306,
    0.4886206298406645,
    0.44353325368343005,
    0.4535783847614469,
    0.3964752771171683,
    0.388326088380648,
    0.41277158137771386,
    0.37250858441831547,
    0.433193019866044,
    0.4058908691398571,
    0.40027284199383506,
    0.3852153715431352,
    0.3808985248679636,
    0.3790576162438125,
    0.38302315918532126
  ],
  "train_accuracy": [
    0.31275,
    0.36775,
    0.37725,
    0.3815,
    0.3985,
    0.4315,
    0.47275,
    0.4905,
    0.5955,
    0.744,
    0.781,
    0.78875,
    0.8015,
    0.81825,
    0.8345,
    0.8405,
    0.85375,
    0.861,
    0.8655,
    0.8785,
    0.877,
    0.888,
    0.889,
    0.90575,
    0.90075,
    0.90675,
    0.9095,
    0.91125,
    0.916,
    0.916
  ],
  "val_accuracy": [
    0.30753968253968256,
    0.3482142857142857,
    0.3273809523809524,
    0.38392857142857145,
    0.3948412698412698,
    0.44841269841269843,
    0.47619047619047616,
    0.48908730158730157,
    0.6517857142857143,
    0.7509920634920635,
    0.7708333333333334,
    0.7658730158730159,
    0.7936507936507936,
    0.8154761904761905,
    0.8134920634920635,
    0.808531746031746,
    0.8214285714285714,
    0.8402777777777778,
    0.8353174603174603,
    0.8571428571428571,
    0.8511904761904762,
    0.8611111111111112,
    0.875,
    0.8581349206349206,
    0.8611111111111112,
    0.8561507936507936,
    0.8660714285714286,
    0.8680555555555556,
    0.8660714285714286,
    0.8680555555555556
  ]
}