{
  "train_loss": [
    22.190726135253907,
    7.94540274810791,
    6.6117897243499755,
    5.920112549781799,
    5.7815668497085575,
    5.511301092147827,
    5.463659343719482,
    5.123650646209716,
    5.178665452957153,
    4.985722104072571,
    4.821992116928101,
    4.716387454032898,
    4.835545577049255,
    4.671889844894409,
    4.506727611541748,
    4.432392996788025,
    4.545118745803833,
    4.451278832435608,
    4.394417290210724,
    4.308681235313416,
    4.289015671730041,
    4.323800179481506,
    4.207195830345154,
    4.188466610908509,
    4.110930526733399,
    4.112053020477295,
    4.049517333984375,
    3.99379415512085,
    4.001335000991821,
    4.000599816322326,
    3.8694044852256777,
    3.9078761672973634,
    3.779966498374939,
    3.797929036140442,
    3.7317770442962646,
    3.7402028150558473,
    3.6895898561477662,
    3.6542547197341917,
    3.6757512402534487,
    3.6631472120285036,
    3.5554688472747804,
    3.633083764076233,
    3.5474132223129273,
    3.529958327293396,
    3.5161176776885985,
    3.479028331756592,
    3.518883115768433,
    3.510901756286621,
    3.435689623832703,
    3.447620301246643
  ],
  "val_loss": [
    7.967613189939469,
    5.062049808956328,
    5.127430064337594,
    4.8549716245560415,
    4.625793986850315,
    4.9849110255165705,
    3.425204738738045,
    3.7631337415604365,
    3.305094597831605,
    3.020476572097294,
    4.5199353240785145,
    3.007911697266594,
    3.163686114644247,
    2.739729788568285,
    4.133318785637144,
    3.0695754043639654,
    3.080671995405167,
    2.6229988866382175,
    3.0055607727595737,
    2.8748785995301747,
    2.4777535332573786,
    2.997830663408552,
    2.633804924904354,
    2.5116006608993287,
    2.296606875601269,
    2.6082287970043363,
    2.636049753143674,
    2.4867034715319436,
    3.0060068955497137,
    3.188999921556503,
    2.8631763458251953,
    2.597189922181387,
    3.1741344209701294,
    2.212369332237849,
    2.2323917188341658,
    2.2175799797451687,
    2.3099579621875095,
    2.2729996177885265,
    2.2188822239164323,
    2.358309624687074,
    2.126000606824481,
    2.2568106518851385,
    2.0660154800566417,
    2.092503541991824,
    2.102016119729905,
    2.055587263334365,
    2.0401215458673145,
    2.0302362290639726,
    2.0134566473582436,
    2.014988382657369
  ],
  "train_error": [
    21.834745470046997,
    7.787296737670898,
    6.542936547279358,
    5.911073828697204,
    5.750169905662537,
    5.505720148086548,
    5.4726013011932375,
    5.149494227409363,
    5.179892691612244,
    5.023466959953308,
    4.863998203277588,
    4.769615691184997,
    4.883240551948547,
    4.730803024291992,
    4.5779388217926025,
    4.501522602081299,
    4.620663537979126,
    4.536244694709778,
    4.47568305015564,
    4.3949297981262205,
    4.371880130767822,
    4.415935581207275,
    4.302344911575317,
    4.284812158584595,
    4.207701772689819,
    4.221841403007508,
    4.156748180389404,
    4.101817149162293,
    4.113503314018249,
    4.116081664085388,
    3.984559816360474,
    4.030459218978882,
    3.9080004529953003,
    3.923388146400452,
    3.858225383758545,
    3.87097266292572,
    3.8258719034194946,
    3.7914118003845214,
    3.8127961549758913,
    3.804441613197327,
    3.692547389984131,
    3.7769141187667845,
    3.6914902391433717,
    3.673590619087219,
    3.661455183982849,
    3.6272976446151732,
    3.668158067703247,
    3.6536766119003294,
    3.5832391757965087,
    3.595229585647583
  ],
  "val_error": [
    7.74044166292463,
    4.973662974342467,
    5.153629318116203,
    4.893540389954098,
    4.592792844015454,
    5.04495071986365,
    3.50845498130435,
    3.8489606153397333,
    3.319058955661834,
    2.967545365530347,
    4.599463595284356,
    3.0988640350008767,
    3.2271136026533824,
    2.8354262132493275,
    4.245865099013797,
    3.1732584994936746,
    3.2058783712841215,
    2.732033477889167,
    3.0838473713587202,
    2.986789446028452,
    2.5906337896982827,
    3.1348458623129223,
    2.7631579599683245,
    2.6118950541057284,
    2.4239250383679827,
    2.7535230640381103,
    2.7628807188972595,
    2.6302282053326804,
    3.113917630816263,
    3.325931609623016,
    3.009902526461889,
    2.7344500148107134,
    3.3278071085611978,
    2.3546652793884277,
    2.3774325847625732,
    2.3567660157642667,
    2.460954342569624,
    2.4144783663371254,
    2.3721212356809587,
    2.5091562195429726,
    2.268347250090705,
    2.406071626950824,
    2.2132281102831404,
    2.2423453955423263,
    2.2522736977017117,
    2.2087522120702836,
    2.191309272296845,
    2.1790969352873546,
    2.163904243045383,
    2.1652377654635715
  ],
  "accuracy": [
    0.505,
    0.665,
    0.603,
    0.684,
    0.688,
    0.5945,
    0.803,
    0.7755,
    0.818,
    0.8375,
    0.685,
    0.8455,
    0.8055,
    0.861,
    0.766,
    0.843,
    0.797,
    0.875,
    0.8365,
    0.8205,
    0.8815,
    0.8145,
    0.8615,
    0.874,
    0.899,
    0.8645,
    0.857,
    0.8765,
    0.82,
    0.816,
    0.831,
    0.8625,
    0.7725,
    0.902,
    0.9015,
    0.9,
    0.8955,
    0.895,
    0.908,
    0.8855,
    0.908,
    0.9,
    0.9185,
    0.916,
    0.9135,
    0.919,
    0.924,
    0.9255,
    0.9265,
    0.9275
  ]
}